id,title,score,num_comments,author,created_utc,url,over_18,edited,spoiler,stickied
1i67kc9,Snowflake sent 6 behavior change emails in the last 3 weeks. Am I the only that find it annoying?,65,24,anyfactor,2025-01-21 01:53:55,https://www.reddit.com/r/dataengineering/comments/1i67kc9/snowflake_sent_6_behavior_change_emails_in_the/,False,False,False,False
1i68gxc,35k euro in Paris as a data engineer is it good or bad? ,44,69,EnoughRefrigerator56,2025-01-21 02:39:19,https://www.reddit.com/r/dataengineering/comments/1i68gxc/35k_euro_in_paris_as_a_data_engineer_is_it_good/,False,False,False,False
1i6mfke,"Building a Minimalistic BI Stack with PostgreSQL, FDW, and Superset â€“ Looking for Feedback!",21,18,zazazakaria,2025-01-21 16:25:13,https://i.redd.it/hd2zf2y9idee1.png,False,False,False,False
1i6bgim,How to stay relevant as a sata engineer,18,7,Baselnabil22,2025-01-21 05:23:02,https://www.reddit.com/r/dataengineering/comments/1i6bgim/how_to_stay_relevant_as_a_sata_engineer/,False,False,False,False
1i6he47,Looking for tips on migrating from SQL Server to Snowflake ,17,27,WireDog88,2025-01-21 12:23:11,https://www.reddit.com/r/dataengineering/comments/1i6he47/looking_for_tips_on_migrating_from_sql_server_to/,False,False,False,False
1i6fjqs,"People who work in data, what did you do?",15,41,Ok_Reality_6072,2025-01-21 10:18:46,https://www.reddit.com/r/dataengineering/comments/1i6fjqs/people_who_work_in_data_what_did_you_do/,False,False,False,False
1i6ht1u,Need an azure data engineer study partner !!,11,43,Electronic-Cicada143,2025-01-21 12:47:13,https://www.reddit.com/r/dataengineering/comments/1i6ht1u/need_an_azure_data_engineer_study_partner/,False,False,False,False
1i6mfo5,"How we use AI to speed up data pipeline development in real production (full code, no BS marketing)",14,2,Thinker_Assignment,2025-01-21 16:25:20,https://www.reddit.com/r/dataengineering/comments/1i6mfo5/how_we_use_ai_to_speed_up_data_pipeline/,False,False,False,False
1i69s15,What is the best path to go from a Business Intelligence Analyst to a Data Engineer?,12,9,peruviansonata,2025-01-21 03:47:47,https://www.reddit.com/r/dataengineering/comments/1i69s15/what_is_the_best_path_to_go_from_a_business/,False,False,False,False
1i6qoi5,First DE proj,8,5,Abracadaniel00,2025-01-21 19:18:34,https://www.reddit.com/r/dataengineering/comments/1i6qoi5/first_de_proj/,False,False,False,False
1i67wt2,Need help with my data model,8,7,Stacys__Mom_,2025-01-21 02:11:02,https://www.reddit.com/gallery/1i67wt2,False,False,False,False
1i68uc6,Ethical Issues in Data Science,7,12,jilaba-hindga,2025-01-21 02:58:29,https://www.reddit.com/r/dataengineering/comments/1i68uc6/ethical_issues_in_data_science/,False,False,False,False
1i68dy1,nerd neck prevention (opencv2-posture-corrector),1,0,Brief-Title9622,2025-01-21 02:34:57,https://www.reddit.com/r/dataengineering/comments/1i68dy1/nerd_neck_prevention_opencv2posturecorrector/,False,False,False,False
1i6os41,How do I calculate Databricks job costs?,2,5,Time-Path-7929,2025-01-21 18:01:52,https://www.reddit.com/r/dataengineering/comments/1i6os41/how_do_i_calculate_databricks_job_costs/,False,False,False,False
1i6iwcu,Variable number of associated information for a base table record,2,0,rrmadhav,2025-01-21 13:45:44,https://www.reddit.com/r/dataengineering/comments/1i6iwcu/variable_number_of_associated_information_for_a/,False,False,False,False
1i6fh66,Unified API vs Data Integration tools,2,6,Reasonable-Ebb5987,2025-01-21 10:13:36,https://www.reddit.com/r/dataengineering/comments/1i6fh66/unified_api_vs_data_integration_tools/,False,False,False,False
1i6eyyh,EMR Serverless Spark Structured Streaming State Store,2,3,Ok_Raspberry5383,2025-01-21 09:34:47,https://www.reddit.com/r/dataengineering/comments/1i6eyyh/emr_serverless_spark_structured_streaming_state/,False,False,False,False
1i6vxn0,DP203 Exam Strategy,2,1,Manoj1806,2025-01-21 22:55:51,https://www.reddit.com/r/dataengineering/comments/1i6vxn0/dp203_exam_strategy/,False,False,False,False
1i6vnqk,Freelancing tips,2,1,shesHereyeah,2025-01-21 22:43:50,https://www.reddit.com/r/dataengineering/comments/1i6vnqk/freelancing_tips/,False,False,False,False
1i6mvcy,Azure Synapse: Is it possible to parameterize a Notebook name/path the way it is with ADF pipelines and Databricks?,1,3,PaulSandwich,2025-01-21 16:43:28,https://www.reddit.com/r/dataengineering/comments/1i6mvcy/azure_synapse_is_it_possible_to_parameterize_a/,False,False,False,False
1i6m5tf,Are practice tests a valuable tool in preparing for a certification exam?,1,0,TomBaileyCourses,2025-01-21 16:13:37,https://www.reddit.com/r/dataengineering/comments/1i6m5tf/are_practice_tests_a_valuable_tool_in_preparing/,False,False,False,False
1i6e9oa,Data stack for a startup,1,4,VeterinarianNo5083,2025-01-21 08:40:01,https://www.reddit.com/r/dataengineering/comments/1i6e9oa/data_stack_for_a_startup/,False,False,False,False
1i6dt8n,Why Table/Stream Duality on Apache Iceberg Will Redefine the ETL market in 2025!?,1,1,Ill_Force756,2025-01-21 08:04:22,https://www.hackintoshrao.com/iceberg-powered-unification-why-table-stream-duality-will-redefine-etl-in-2025-2/,False,False,False,False
1i6vndn,First 100 sign ups free,0,8,Activeguy01,2025-01-21 22:43:23,https://www.reddit.com/r/dataengineering/comments/1i6vndn/first_100_sign_ups_free/,False,False,False,False
1i6o7ta,Train My Own ML Model or Fine-Tune GPT?,0,1,Different_Ebb_4442,2025-01-21 17:39:20,https://www.reddit.com/r/dataengineering/comments/1i6o7ta/train_my_own_ml_model_or_finetune_gpt/,False,False,False,False
1i6kbwv,How to fix error: externally-managed-environment in Python 3.12 the Wrong Way,0,0,DataSling3r,2025-01-21 14:54:20,https://www.reddit.com/r/dataengineering/comments/1i6kbwv/how_to_fix_error_externallymanagedenvironment_in/,False,False,False,False
1i6i12f,How AI Agents & Data Products Work Together to Support Cross-Domain Queries & Decisions for Businesses,0,0,growth_man,2025-01-21 12:59:52,https://moderndata101.substack.com/p/how-ai-agents-and-data-products-work,False,False,False,False
1i6k43u,The Modular Architecture Is the Way to Go for AI?,0,1,Inclusion-Cloud,2025-01-21 14:44:32,https://www.reddit.com/r/dataengineering/comments/1i6k43u/the_modular_architecture_is_the_way_to_go_for_ai/,False,False,False,False
1i6snb1,"Thinking about migrating from Electrical Engineering to data engineering, anyone has been there?",0,10,Elrond_the_Warrior,2025-01-21 20:38:56,https://www.reddit.com/r/dataengineering/comments/1i6snb1/thinking_about_migrating_from_electrical/,False,False,False,False
1i6j38b,Show /r/dataengineering: ,0,3,Iron_Yuppie,2025-01-21 13:55:37,https://www.reddit.com/r/dataengineering/comments/1i6j38b/show_rdataengineering/,False,False,False,False
1i6n8l4,Bringing the scientific side to workplace,0,3,moritzis,2025-01-21 16:59:06,https://www.reddit.com/r/dataengineering/comments/1i6n8l4/bringing_the_scientific_side_to_workplace/,False,False,False,False
1i6duzs,Would you like / use a Cursor (AI IDE) for SQL?,0,5,Hot_Freedom54,2025-01-21 08:08:04,https://www.reddit.com/r/dataengineering/comments/1i6duzs/would_you_like_use_a_cursor_ai_ide_for_sql/,False,False,False,False
